Dish,Content,,Tags,,belki,zhiry,uglevodi,kallorii,breakfast,lunch,dinner,Receipt
Шампиньоны с брокколи и спаржей в сметане,"Kapusta,Brokkoli,Sparzha,Griby,Maslo pods.,Smetana,Sol'",Shampin'ony s brokkoli i sparzhej v smetane,,"Капуста,Брокколи,Спаржа,Грибы,Масло подсолнечное,Сметана,Соль",3,"5,5",3,70,,+,+,"Брокколи (просто соцветия или соцветия со стеблями) помойте, спаржу также помойте и обломайте длинные нижние части стеблей. Их нужно положить в подсоленную воду на 2 минуты, а затем достать и промыть в холодной, то есть бланшировать.Грибы помойте и нарежьте небольшими кусочками.В сковороде раскалите масло. Выложите обжариваться шампиньоны, сразу подсолите. Сделайте слабый огонь и помешивайте.Спустя 6-7 минут добавьте сметану, все перемешайте и готовьте еще минуты 3.Положите к грибам капусту и спаржу. Перемешайте и томите все вместе еще минут 5.Готовое блюдо можно подавать как в теплом, так и в остывшем виде, особенно, если вы использовали сметану низкой жирности. Порцию присыпьте рубленой свежей зеленью – петрушкой, тимьяном, зеленым луком. Приятного аппетита!"
Тушеная капуста с сосисками и картофелем,"Kapusta,Morkov',Kartofel,Maslo pods.,Sosiski,Sol',TomPasta",Tushenaya kapusta s sosiskami i kartofelem,,"Капуста,Морковь,Картофель,Масло подсолнечное,Сосиски,СольТом Паста","3,5","7,7",8,115,,+,+,"Морковь и лук нужно почистить, а затем измельчить любым способом. К примеру, лук покрошить ножом, а морковь натереть. Также можно сразу поставить вариться очищенный картофель. Воду лучше слегка подсолить.Белокочанную капусту нужно помыть и нашинковать тонкими полосками.На сковороде нужно раскалить рафинированное масло, выложить лук, морковь и капусту и обжаривать в течение 15 минут на тихом огне, помешивая.Сосиску нужно очистить от оболочки и нарезать кружочками, а затем переложить в сковороду, перемешать.Вареный картофель нужно нарезать кубиками и переложить в сковороду, все подсолить и перемешать.Теперь нужно добавить томатную пасту, влить примерно 50 мл воды, перемешать и тушить все вместе еще минут 10.Готовое блюдо подавайте сразу, горячим или теплым – вкусно и так, и так. Порцию можно присыпать свежей зеленью. Приятного аппетита!"
Куриные отбивные с грибами и сыром,"Kuritsa,Majonez,Luk,Griby,Syr,Sol',Maslo",Kurinye otbivnye s gribami i syrom,,"Курица,Майонез,Лук,Грибы,Сыр,Соль,Масло","15,1","11,3","2,3",175,,+,,"Охлажденное или размороженное куриное филе помойте и обсушите, обрежьте излишки жира и разрежьте на тонкие пласты.Противень застелите фольгой, смажьте ее растительным маслом. Пласты куриного филе слегка отбейте с одной стороны и выложите на фольгу. Подсолите, учитывая, что майонез и сыр также соленые. Присыпьте специями.Смажьте заготовки майонезом. Удобно взять специальную силиконовую кисть.Лук очистите и нарежьте полукольцами. Выложите сверху на отбивные.Грибы помойте и нарежьте пластинками. Выложите поверх лука и немного подсолите.Твердый сыр натрите на крупной или на мелкой терке, выложите сверху на отбивные. Поставьте противень в горячий духовой шкаф. Запекайте при 180 градусах в течение 20 минут.Подавайте отбивные сразу, пока блюдо горячее и сыр не застыл. Украсить порцию можно свежей зеленью. Приятного аппетита!"
Картофель жареный с фаршем на сковороде,"Kartofel,Luk,Maslo,Farsh,Sol'",Kartofel' zharenyj s farshem na skovorode,,"Картофель,Лук,Масло,Фарш,Соль","6,4","10,1","10,3","158,94",,+,,"Картофель нужно очистить от кожуры, помыть и нарезать небольшими кусочками. Оптимально брусочками или кружочками.Лук-репку нужно очистить от шелухи и мелко нарубить.На горячую сковороду нужно налить ложку масла и обжаривать лук в течение 5 минут, помешивая, до карамельного оттенка.Далее в сковороду к луку нужно выложить фарш, подсолить его, присыпать специями, перемешать и жарить минут 20 на тихом огне.Оставшееся масло нужно вылить в другую сковороду, разогреть его и жарить картофель на среднем огне. Минут через 10 можно подсолить и добавить специи.Спустя минут 20, когда картофель будет почти готов, переложите в сковороду фарш и обжаривайте все вместе еще минут 10.Готовый картофель можно подавать сразу, со свежей рубленой зеленью, сметаной или соусом. Приятного аппетита!"
Индюшные котлеты с грибами,"Luk,Griby,Yajco,Indeyka,Sol',Maslo pods.",Indyushnye kotlety s gribami,,"Грибы,Лук,Яйцо,Фарш из индейки,Соль,Масло подсолнечное ","12,7","8,7","1,8",141,,+,,"Грибы помойте и нарежьте мелко, учитывая тот факт, что при жарки они еще больше уменьшатся. Обжаривайте на растительном масле минут 7-8, сделав слабый огонь.В миску переложите индюшиный фарш, добавьте соль и специи.Добавьте к фаршу куриное яйцо. Если яйцо небольшое, можно взять полтора.Лук почистите и натрите на мелкой терке, положите в миску. Можно просто мелко нарезать овощ или измельчить в блендере.Обжаренные грибы положите к фаршу, все перемешайте. Теперь можно приступать к лепке котлет.На сковороде раскалите масло. Мокрыми руками формируйте небольшие овальные котлеты и выкладывайте их на сковороду. Жарьте, не накрывая крышкой, минут 6.Переверните котлеты на другую сторону и жарьте еще минуты 4, уже под крышкой.Вкусные сочные котлеты готовы! Подавайте сразу, можно с гарниром или салатом. Приятного аппетита!"
Оливье с тремя видами огурцов,"Yajco,Zel.Goroshek,Kartofel,Ogurec,Ogurec solenyj,Ogurec marinovannyj,Kolbasa,Majonez,Sol'",Oliv'e s tremya vidami ogurcov,,"Яйцо,Зел Горошек,Картофель,Огурец,Огурец соленый,Огурец маринованный,Колбаса,Майонез,Соль","5,5","8,9","6,1",126,,+,+,"Заранее сварите картофель и морковь в кожуре. Яйца сварите вкрутую, остудите и почистите. Покрошите мелким кубиком и положите в глубокую миску.Добавьте в миску консервированный зеленый горошек.Очищенный картофель покрошите кубиком и положите в миску.Свежий огурец помойте и нарежьте, отправьте к остальным ингредиентам.Соленый и маринованный огурцы нарежьте аналогичным образом и переложите в салатник.Очищенную вареную морковь нарежьте кубиками. Вареную колбасу очистите от оболочки, также нарубите и вместе с морковью положите в миску.Подсолите по желанию салат, заправьте майонезом и перемешайте. Подавать блюдо можно порционно или в общем салатнике."
Борщ с жареной курицей,"Kuritsa,Kapusta,Kartofel,Svekla,Morkov',Luk,Maslo olivk.,Sol',TomPasta",Borshch s zharenoj kuricej,,"курица,Капуста,Картофель,Свекла,Морковь,Лук,Масло оливк,Соль,Том Паста","6,2","6,3","7,5","112,2",,+,,"Охлажденное куриное мясо нарежьте на небольшие кусочки, попутно удаляя все лишнее.В кастрюле разогрейте растительное масло и отправьте обжариваться курицу. Помешивайте и сделайте слабый огонь.Пока обжаривается мясо, помойте и тонко нашинкуйте капусту.Переложите капусту в кастрюлю с мясом, перемешайте и обжаривайте все вместе еще минут 5-7.Картофель почистите и помойте, нарежьте произвольными небольшими кусочками. Положите в кастрюлю. Залейте водой и варите после закипания на слабом огне.Свеклу, лук и морковь почистите, помойте и измельчите. Обжаривайте с томатной пастой на растительном масле минут 7, после чего переложите зажарку в кастрюлю. Положите соль, специи и варите борщ до полной готовности – минут 10-15.Готовому борщу дайте настояться под крышкой четверть часа, после чего можно подавать блюдо на обед. Приятного аппетита!"
Рубленые куриные котлеты с беконом,"Kuritsa,Luk,Majonez,Krahmal,Yajco,Bekon,Maslo pods.,Sol'",Rublenye kurinye kotlety s bekonom,,"Филе грудки,Лук,Майонез,Крахмал,Яйцо,Бекон,Масло подсолнечное,Соль","16,7","12,6","4,2",201,,+,,"Первый этап — нарезка. Куриное мясо промойте чистой водой, обрежьте все пленки, хрящики. Нарубите очень мелкими кубиками, сложите в глубокую посуду.Снимите луковую шелуху, сам овощ мелко покрошите. Можно даже натереть его на крупной терке, а после переложить к фаршу.Мягкую часть ломика бекона нарежьте мелким кубиком, отправьте в емкость с фаршем. С подкопченным продуктом котлеты приобретут аромат костра.Вбейте в миску крупное куриное яйцо. Можно взять пару мелких, но тогда фарш получится менее вязким. Не забудьте про соль и специи — кориандр, пажитник, паприка здесь будут более, чем уместны.Всыпьте в миску картофельный крахмал, положите майонез.Осталось всего ничего — тщательно смешать все ингредиенты. После смешивания пусть фарш постоит минут 20 в прохладном месте.Раскалите сковороду. Котлеты можно выкладывать ложкой, придавая им аккуратную овальную форму. Жарить нужно минут 5, сделав тихий огонь на горелке.Лопаткой поддевая котлеты, нужно перевернуть их на вторую сторону и поджарить еще минуты 3.Подавать котлеты можно сразу со сковороды, пока они максимально сочные и нежные."
Жаркое со свининой в кастрюле,"Svinina,Kartofel,Morkov',Luk,Maslo pods.,TomPasta,Lavrovyj list,Sol'",Zharkoe so svininoj v kastryule,,"свинина,Картофель,Морковь,Лук,Масло подсолнечное,Том Паста,Лавровый Лист,Соль","6,5","9,2","9,5","146,7",,+,,"Охлажденную свинину нарежьте небольшими кусочками, попутно вырезая все лишнее. Отправьте обжариваться в кастрюлю с разогретым растительным маслом.Лук и морковь почистите, измельчите, как удобно – с помощью ножа или на терке.Переложите лук с морковью в кастрюлю с мясом, обжаривайте все вместе еще минут 5.Добавьте в кастрюлю томатную пасту или пюре, влейте 150 мл воды и размешайте, тушите еще 5 минут, периодически помешивая.Картофель очистите от кожуры, помойте и нарежьте небольшими кусочками произвольной формы. Переложите в кастрюлю.Добавьте соль, специи, а также лавровый лист.Налейте в кастрюлю воды до самого верха (можно чуть меньше). Перемешайте и томите картофель с мясом в течение 40 минут на слабом огне.Подавайте жаркое сразу, горячим. В порцию можно добавить свежую зелень, например, петрушку или укроп. Приятного аппетита!

"
Морковь по-корейски рецепт в домашних условиях,"Morkov',Sahar,Sol',CHesnok,Maslo olivk.,Uksus",Morkov' po-korejski recept v domashnih usloviyah,,"Морковь,Сахар,СольЧеснок,Масло оливк,Уксус","1,2","5,2","10,8",93,,+,+,"Очищенную морковь натрите на специальной терке тонкими длинными полосками. Положите в миску.Добавьте сахар и соль.Положите специи – обязательно молотый кориандр, черный молотый перец и другие добавки по вкусу. Можно использовать уже готовый набор для закусок по-корейски.Зубчики чеснока почистите и натрите на терке (можно пропустить через пресс). Положите чеснок в миску.Хорошенько помните морковь руками, чтобы она дала сок. Влейте горячее растительное масло и яблочный уксус, еще раз перемешайте и поставьте в прохладное место на несколько часов.Лучше подавать морковь на следующий день. Перед подачей закуску нужно еще раз перемешать, так как весь маринад соберется на дне емкости. Подавайте в небольшой пиале. Приятного аппетита!

"
Яичница с сосиской,"Sosiski,Yajco,Sol',Maslo pods.",Yaichnica s sosiskoj,,"Сосиски,Яйцо Соль Масло подсолнечное ","10,8","22,9","0,4",251,+,,+,"Одну или несколько сосисок нарезать кружочками. На раскаленную сковородку влейте растительное масло, обжарьте слегка сосиски, вбейте яйца. Посолите. Яичница готова."
Омлет из белков с овощами,"Fasol',Yajco,Tomaty,Luk,Maslo olivk.,Perec",Omlet iz belkov s ovoshchami,"","Фасоль,Яйцо,Томаты,Лук,Масло оливк,Перец","4,2","4,1","3,4",67,+,,+,"Нарезать помидоры, лук и чеснок. Яичные белки взбить в крепкую пену с щепоткой соли.Разогреть масло, обжарить лук. Добавить фасоль и чеснок, жарить 3 минуты.К овощам добавить помидоры, жарить ещё пару минут.Влить белковую пену, убавить огонь и готовить 4-5 минут.Готовый омлет поперчить и посолить. Приятного аппетита!"
Омлет с сыром и грибами,"Yajco,Griby,Muka,Moloko,Sol',Maslo pods.,Syr",Omlet s syrom i gribami,"","Яйцо,Грибы,Мука,Молоко,Соль,Масло подсолнечное,Сыр","7,6","8,1","3,3",118,+,,+,"Замороженные грибы просто нарежьте, а свежий продукт предварительно помойте. Затем нарежьте небольшими кусочками и отправьте обжариваться на сковороду, смазанную растительным маслом. Сделайте тихий огонь.В миску вбейте куриное яйцо, добавьте муку и щепотку соли.Хорошенько размешайте муку до получения густой однородной массы без комочков.Вбейте в миску еще пару яиц, продолжайте размешивать.Влейте молоко и еще раз все перемешайте. Омлетная масса готова. Можно еще слегка подсолить, добавить специи по вкусу.Обжаривайте грибы минут 5, помешивая лопаткой.Перелейте омлетную массу в сковороду, распределите по всей площади. Жарьте на тихом огне, прикрыв крышкой.Натрите сыр и спустя минут 6-7 выложите его сверху на омлет. Снова накройте сковороду крышкой и готовьте блюдо еще минуты 3.Подавать готовый омлет можно сразу, целым или разрезанным на кусочки. Каждую порцию можно дополнительно украсить веточкой зелени.

"
Суп с колбасой и вермишелью,"Kartofel,Kolbasa,Luk,Morkov',Makarony,Sol'",Sup s kolbasoj i vermishel'yu,,"Картофель,Колбаса,Лук,Морковь,Макароны,Соль","4,7","7,2","14,3",140,,+,,"Поставьте кипятиться воду в кастрюле, примерно 2 л, не больше. Картофель очистите, промойте и нарежьте небольшими кусочками. Когда вода закипит, отправьте вариться. После закипания убавьте огонь, снимите пену и варите под крышкой.Колбасу очистите от оболочки, нарежьте кубиками или соломкой.Переложите на раскаленную сковороду колбасную соломку и обжаривайте 3-4 минуты на тихом огне, помешивая, после переложите в кастрюлю с картофелем.Очищенные лук и морковь измельчите. Лук можно покрошить, а морковь – натереть.Можно слить излишки жира со сковороды (если есть) и продолжить делать зажарку здесь же. Обжаривайте овощи на тихом огне минуты 4, после положите в кастрюлю.Бросьте в кастрюлю мелкую тонкую суповую вермишель. Сразу перемешайте, чтобы она не сбилась в комок. Посолите суп и добавьте специи. Варите еще минут 10 – до мягкости картофеля и готовности вермишели.Подавать суп можно сразу после варки. В каждую порцию можно положить свежую зелень. Также к супу можно подать сухарики или обычный хлеб.



"
Отбивные из индейки в сметанном кляре,"Indeyka,Sol',Maslo pods.,Smetana,Yajco,Muka",Otbivnye iz indejki v smetannom klyare,,"Филе индейки,Соль,Масло подсолнечное,Сметана,Яйцо,Мука","15,8","6,3","7,7",151,,+,,"Охлажденное филе помойте, обсушите, обрежьте все лишнее и разрежьте на тонкие пласты.Положите заготовки на разделочную доску и накройте пленкой. Отбейте с одной стороны, используя кулинарный молоток. Со второй стороны отбивать нет необходимости.Подсолите филе и присыпьте специями по вкусу.В миску вбейте яйцо, добавьте сметану, муку и щепотку соли.Хорошенько все размешайте, используя вилку или ручной венчик. Кляр должен получиться без комочков.Кусочек филе положите в миску с кляром и обмакните с двух сторон.Выложите отбивные на сковороду в раскаленное растительное масло. Жарьте на тихом огне примерно минуты 4 с одной стороны.Переверните отбивную на другую сторону и жарьте, накрыв сковороду крышкой, еще пару-тройку минут.Переложите готовые отбивные на тарелку. Подавать их можно сразу – со свежей зеленью, овощами или гарниром. Приятного аппетита!"
Гречневая каша с курицей,"Kuritsa,Luk,Morkov',Sol',Maslo,Grechka",Grechnevaya kasha s kuricej,,"Голень цыпленка,Лук,Морковь,Соль,Масло,Крупа Гречневая","8,5","5,3","10,1",124,,+,,"Почистить овощи, нарезать соломкой. Куриное мясо нарезать кусочками.Разогреть масло в глубокой сковороде, обжарить курицу до золотистого цвета. Добавить лук и морковь, обжарить всё вместе. Посолить, можно добавить специи.Выложить промытую гречневую крупу, влить 2 стакана воды. Накрыть крышкой и варить на маленьком огне, пока вся вода не впитается. Затем снять с огня и дать постоять 15 минут. Кашу аккуратно перемешать и можно подавать. Приятного аппетита!"
Оладьи на черничном йогурте,"Yajco,Sahar,Sol',Jogurt,Muka,Razryhlitel' testa,Maslo pods.",Olad'i na chernichnom jogurte,,"Яйцо,Сахар,Соль,Йогурт,Мука,Разрыхлитель Теста,Масло подсолнечное ","4,8","6,3","31,5",201,+,,+,"В глубокую миску вбейте свежее яйцо, туда же бросьте щепотку соли, добавьте сахар.Интенсивно все перемешивайте венчиком в течение пары минут, пока не получится полностью однородная масса.Влейте черничный йогурт и продолжайте все размешивать венчиком.Теперь добавьте пшеничную муку. Для большей пользы можно часть муки заменить на цельнозерновую.Добавьте в миску пекарский порошок. В принципе, можно добавить молотую корицу или ванилин, но оладьи и без них получаются достаточно ароматными.Размешивайте тесто до полной однородности, после чего дайте постоять четверть часа.На сковороде раскалите масло для жарки. Ложкой выкладывайте небольшие порции теста и жарьте на слабом огне минуты 3.С другой стороны жарьте оладьи еще минуты 2, накрыв их крышкой.Подавайте оладьи горячими, с любыми добавками – со сметаной, сладким топингом или вареньем. Также можно подать на десерт ягоды или фрукты."
Зеленые щи со свининой,"Svinina,Kartofel,Kapusta,Morkov',Luk,Zelenyj luk,Shpinat,Maslo pods.,CHereshok sel'dereya,Lavrovyj list,Yajco",Zelenye shchi so svininoj,,"свинина,Картофель,Капуста,Морковь,Лук,Зеленый лук,Шпинат,Масло подсолнечное,Черешок сельдерея,Лавровый лист,Яйцо","6,2",7,"6,2",113,,+,,"Подготовьте свинину к варке – помойте, обрежьте все лишнее. Можно использовать мясо на кости или без нее.Положите свинину в кастрюлю. Добавьте к ней очищенную луковицу и морковь, а также черешки сельдерея и лавровый лист. Залейте водой и варите 40 минут на тихом огне под крышкой.Спустя 40 минут добавьте в кастрюлю тонко нашинкованную белокочанную капусту.Далее очистите картофель и нарежьте небольшими кусочками, также положите в кастрюлю.Очищенную морковь и луковицу измельчите – можно нарезать или натереть.На растительном масле обжаривайте овощи 4-5 минут, помешивая, после чего переложите в кастрюлю.Вареное мясо достаньте из кастрюли, дайте немного остыть и нарежьте на небольшие кусочки, переложите в кастрюлю.Сварите вкрутую куриные яйца, остудите. Зелень помойте и мелко нарежьте. Когда картофель и капуста станут мягкими, положите зелень в щи.Вареные яйца нарежьте мелкими кубиками и также отправьте в кастрюлю. Добавьте соль и специи по вкусу. Варите щи еще минут 7, затем дайте настояться под крышкой полчаса.Подавайте блюдо горячим или теплым. К щам можно подать сметану или майонез. Приятного аппетита!


"
Кекс с грушей и инжиром,"Yajco,Sahar,Jogurt,Muka,Razryhlitel' testa,Maslo,Grusha,Inzhir",Keks s grushej i inzhirom,,"Яйцо,Сахар,Йогурт,Мука,Разрыхлитель Теста,Масло,Груша,Инжир","4,6",9,"30,3",218,+,,+,"В миску нужно вбить пару свежих яиц и добавить сахар-песок.Далее нужно хорошо размешать венчиком яйца и сахар, затем влить растопленное сливочное масло и тоже размешать.Теперь нужно положить в миску классический йогурт, без добавок и подсластителя. Также все размешать.В миску нужно всыпать пшеничную муку, а также разрыхлитель. Далее нужно размешивать тесто в течение пары минут.В итоге получается гладкое однородное тесто без комочков.Форму для запекания нужно смазать кусочком сливочного масла и присыпать мукой (или манной крупой).Перелейте тесто в форму и разровняйте сверху.Грушу и инжир нарежьте пластинками, выложите сверху на тесто. Поставьте форму в разогретую до 180 градусов духовку и запекайте 25-30 минут. Готовность проверьте деревянной шпажкой.Готовому пирогу дайте чуть остыть, после чего нарезайте его на кусочки и подавайте. Приятного чаепития!"
"Лосось,запеченный с лимоном в духовке","Losos,Limon,Luk,Sol',Maslo olivk.","Losos',zapechennyj s limonom v duhovke",,"Лосось,Лимон,Лук,Соль,Масло оливк ","16,2","7,3","1,9","142,4",,+,+,"Охлажденную рыбу помойте, удалите лишнюю влагу салфетками, разрежьте на два порционных кусочка. Косточки достаньте пинцетом.Подсолите кусочки рыбы и щедро полейте лимонным соком.Добавьте к лососю специи — можно взять душистый перец, кориандр или набор для рыбы. Оставьте мариноваться на четверть часа.Дно формы для запекания накройте фольгой, используя специальную кисть из силикона, смажьте растительным маслом. Отправьте на дно формы ломтики лимона и колечки лука-репки.Сверху на импровизированную подушку уложите рыбу. Наройте форму фольгой, запекайте не более четверти часа при 170-180 градусах. Затем уберите фольгу и дайте рыбе подрумяниться — еще минут 5.Подавайте лосося в горячем виде, с травами, зеленью и овощами."
Творожная запеканка с бананом в духовке,"Tvorog,Yajco,Sahar,Sol',Manka,Banany,Smetana,Korica,Maslo olivk.",Tvorozhnaya zapekanka s bananom v duhovke,,"Творог,Яйцо,Сахар,Соль,Крупа манная,Бананы,Сметана,Корица,Масло оливк ",9,"6,7","18,4",172,+,,,"В глубокую посуду пересыпьте свежий творог. Ложкой разомните крупные комочки. Вбейте свежие яйца.Всыпьте в миску сахар и щепотку соли.Добавьте манную крупу и молотую корицу. Также можно добавить немного ванильного сахара.Положите сметану – подойдет продукт любой жирности. Однако, стоит учитывать, что более жирная сметана гуще.Банан очистите и нарежьте мелко, отправьте в миску.Все тщательно перемешайте и оставьте на 20 минут, чтобы манка набухла.Форму для запекания можно застелить фольгой, смазать маслом, а после переложить внутрь творожную массу.Накрывать форму не нужно. Поставьте в горячую духовку, запекайте 30 минут при 180 градусах. После дайте остыть, достав из формы и спустя час снимите фольгу. Если запекали без фольги, то дайте остыть прямо в форме, чтобы запеканка стабилизировалась. Подавайте к чаю. Приятного аппетита!

"
Паштет из печени и грибов в домашних условиях,"Pechen',Griby,Luk,Maslo pods.,Maslo,Sol',Specii",Pashtet iz pecheni i gribov v domashnih usloviyah,,"Печень,Грибы,Лук,Масло подсолнечное,Масло,Соль,Специи","11,9","11,6","2,1","160,9",,+,+,"Куриную печень нужно тщательно промыть. Вымачивать ее нет необходимости – чаще всего она не горчит. Крупные кусочки разрежьте на половинки.Грибы помойте и нарежьте небольшими кусочками. Репчатый лук очистите и мелко нарежьте.На сковороде раскалите растительное масло и выложите грибы с луком. Обжаривайте минут 5, помешивая.В сковороду положите печень и обжаривайте еще минут 5, помешивая. Огонь должен быть небольшим.Влейте в сковороду 200 мл воды, добавьте соль и специи. Тушите на тихом огне под крышкой 20 минут. Если жидкость будет выкипать – ничего страшного. Главное, чтобы не выкипела вся и ингредиенты не начали подгорать.Переложите грибы с луком и печенью в стакан, добавьте сливочное масло.Пюрируйте продукты погружным блендером до полной однородности. Если блендера нет, можно использовать обычную мясорубку.Готовый паштет охладите в холодильнике хотя бы полчаса, а после этого можно подать его в небольшой пиале или же сразу сделать закуску. Приятного аппетита!





"
Картошка с фрикадельками в кастрюле,"Govyadina,Yajco,Sol',Specii,Kartofel,Luk,Morkov',Maslo pods.",Kartoshka s frikadel'kami v kastryule,,"Фарш Говяжий,Яйцо,Соль,Специи,Картофель,Лук,Морковь,Масло подсолнечное ","6,3",7,10,129,,+,,"Охлажденный или размороженный фарш положите в миску. Вбейте в миску яйцо.Добавьте соль и специи по вкусу.Одну луковицу очистите от шелухи, натрите на крупной терке или мелко нарубите. Положите к фаршу. Тщательно перемешайте.Картофель почистите, помойте, нарежьте небольшими кусочками.В сотейнике разогрейте рафинированное масло. Выложите измельченную вторую луковицу и морковь. Помешивая, обжаривайте на медленном огне минуты 3.Из фарша сформируйте фрикадельки и положите в кастрюлю. Обжаривайте с овощами еще минут 5, помешивая.Отправьте в кастрюлю картофель, подсолите, добавьте специи по вкусу.Влейте воду по желанию (400-500 мл) и перемешайте. Томите на слабом огне под крышкой минут 40.Готовое блюдо подавайте горячим или теплым. Приятного аппетита!

"
"Свинина с помидорами,грибами и сыром в духовке","Svinina,Luk,Tomaty,Griby,Majonez,Syr,Sol',Specii,Maslo pods.","Svinina s pomidorami,gribami i syrom v duhovke",,"свинина,Лук,Томаты,Грибы,Майонез,Сыр,Соль,Специи,Масло подсолнечное ","8,4","12,4","1,9",153,,+,,"Свинину помойте и обсушите, разрежьте на тонкие пласты. Каждый пласт отбейте с двух сторон, предварительно накрыв пищевой пленкой.Форму для запекания или противень смажьте растительным маслом. Положите отбивные, подсолите и присыпьте специями.Смажьте отбивные майонезом, используя обычную ложку или кулинарную кисть.Очищенную луковицу нарежьте полукольцами и выложите сверху на мясо.Грибы помойте и нарежьте пластинками, сформируйте следующий слой. Можно слегка подсолить.Помидоры помойте и нарежьте кружочками, выложите сверху на грибы.Твердый сыр натрите на терке и присыпьте сверху. Поставьте форму запекаться при 180 градусах.Через 20 минут блюдо будет готово. Дайте немного остыть, разделите на порции и подавайте.Каждую порцию можно украсить нарезанными свежими овощами или веточками зелени. Приятного аппетита!

"
Овощной салат с брынзой,"Tomaty,Ogurec,Syr,Shpinat,Salat,Petrushka,Sol',Maslo olivk.",Ovoshchnoj salat s brynzoj,,"Томаты,Огурец,Сыр,Шпинат,Салат,Петрушка,Соль,Масло оливк ","3,6","10,6","2,1","119,6",,+,+,"Овощи помойте прохладной водой. Помидор нарежьте небольшими кубиками и положите в салатник.Огурец при необходимости почистите, также нарежьте кубиками и положите в миску.Брынзу достаньте из рассола (или упаковки), нарежьте кубиками или просто раскрошите, переложите в миску.Листья шпината, петрушку помойте, порежьте и положите в миску.Лист айсберга помойте, порвите руками или просто мелко нарежьте, положите в салатник.Подсолите салат и добавьте специи по вкусу, заправьте любым растительным маслом, которое есть в наличии. Перемешайте салат.Блюдо подавать лучше сразу, так как в нем много свежих сочных овощей. Лимонным соком можно сбрызнуть перед самой подачей. Приятного аппетита!



"
Классический салат с крабовыми палочками и кукурузой,"Yajco,Krabovye Palochki,Kukuruza,Ogurec,Ris,Sol',Majonez",Klassicheskij salat s krabovymi palochkami i kukuruzoj,,"Яйцо,Крабовые Палочки,Кукуруза,Огурец,Рис,Соль,Майонез","4,1","6,4","7,3","105,1",,+,+,"Сварите заранее куриные яйца в подсоленной воде, остудите и почистите. Нарежьте мелкими кубиками, положите в глубокую миску.Откройте баночку с кукурузой и слейте лишнюю жидкость. Нужное количество положите в миску.Крабовые палочки очистите от оболочки, нарежьте не слишком мелко и положите к остальным продуктам.Заранее сваренный и остывший рис положите в салатник.Добавьте соль, специи и заправьте салат майонезом любой жирности. Подойдет как магазинный, так и домашний продукт.Тщательно перемешайте все ингредиенты и салат готов. Подавать его можно в красивом оригинальном салатнике или порционно – в небольших пиалах или стаканах. Приятного аппетита!



"
Картофельное пюре с грибами и луком,"Kartofel,Griby,Luk,Maslo pods.,Sol',Petrushka",Kartofel'noe pyure s gribami i lukom,,"Картофель,Грибы,Лук,Масло подсолнечное,Соль,Петрушка","2,2","1,6","12,6","73,9",,+,,"Картофель нужно почистить и помыть, а затем нарезать на небольшие кусочки и сложить в кастрюлю, залить водой. Поставить вариться, а после закипания посолить. Варить еще минут 15-20.Шампиньоны нужно помыть и почистить при необходимости, затем нарезать мелко. Подойдут как свежие, так и замороженные грибы.На сковороде раскалите масло для жарки. Положите грибы. Луковицу почистите, мелко нарубите и также положите в сковороду. Слегка подсолите, перемешайте и обжаривайте минут 8-10 на тихом огне.Когда картофель сварится, слейте почти всю воду из кастрюли. Можно слить всю воду и добавить молоко (70-100 мл). Можно добавить 30 г сливочного масла и вбить куриное яйцо. А можно просто хорошо размять картофель с картофельным отваром до получения однородного пюре.Переложите в кастрюлю с картофелем обжаренные грибы с луком, перемешайте.Вкусное сытное блюдо готово. Подавайте порционно, со свежей зеленью и овощами. Дополнительно можно полить нежирной сметаной. Приятного аппетита!

"
Гречневый суп с говядиной,"Govyadina,Morkov',Luk,Maslo pods.,Kartofel,Grechka,Sol'",Grechnevyj sup s govyadinoj,,"Говядина,Морковь,Лук,Масло подсолнечное,Картофель,Гречка,Соль","7,3","5,3","10,4","117,6",,+,,"Охлажденное или размороженное мясо нужно помыть и обсушить салфетками, а затем нарезать небольшими кусочками. Попутно можно обрезать все лишнее – пленки, излишки жира. Поставьте кипятиться воду в кастрюле – около 2х литров.Морковь и лук нужно почистить. Затем овощи можно мелко нарезать, а можно морковь натереть.На сковороде раскалите масло для жарки. Положите говядину и овощи, перемешайте и жарьте на тихом огне приблизительно минут 10, помешивая. Накройте сковороду крышкой.Картофель почистите, помойте и нарежьте небольшими кусочками – соломкой или кубиками. Положите в кипящую воду.Отмерьте нужное количество гречневой крупы, переберите, промойте ее и пересыпьте в кастрюлю. Также добавьте туда зажарку, подсолите, положите специи и варите 20 минут. Готовому супу дайте настояться еще минут 10.Подавайте блюдо горячим или теплым. Можно заправить суп сметаной и добавить свежую зелень. Приятного аппетита!



"
Свиные тефтели с кабачком на сковороде,"Svinina,Yajco,Sol',Ris,Kabachok,Maslo pods.,Luk,TomPasta,Smetana,Lavrovyj list",Svinye tefteli s kabachkom na skovorode,,"свинина,Яйцо,Соль,Рис,Кабачок,Масло подсолнечное,Лук,Том Паста,Сметана,Лавровый Лист",7,"9,8","4,5","137,1",,+,+,"Охлажденный или размороженный фарш положите в глубокую миску. Вбейте свежее яйцо.Добавьте соль и специи по вкусу. Подойдут специи для котлет, для мяса, для шашлыка.Рис лучше сварить заранее. Нужное количество положите в миску.Кабачок помойте, лук почистите. Натрите овощи на мелкой терке и положите в миску с фаршем.Тщательно все перемешайте. Фарш для тефтелей готов.На сковороде раскалите масло для жарки – лучше подойдет рафинированное. Мокрыми руками сформируйте из фарша небольшие аккуратные шарики и выложите на сковороду. Жарьте на тихом огне минуты 2.Лопаткой переверните тефтели на другую сторону и жарьте еще пару минут.Доведенные до полуготовности тефтели положите в сотейник. Из томатной пасты, сметаны и 300 мл воды сделайте соус и залейте им заготовки. Добавьте лавровый лист и готовьте мясное блюдо на слабом огне примерно 30 минут. Следите, чтобы жидкость не выкипела.Подавайте тефтели в горячем или теплом виде, с гарниром, свежей зеленью или овощами. Приятного аппетита!"
Рисовая запеканка с тунцом и помидорами,"Ris,Tomaty,Syr,Yajco,Sol',Tunec",Risovaya zapekanka s tuncom i pomidorami,,"Рис,Томаты,Сыр,Яйцо,Соль,Тунец","8,3","3,9","5,9","94,2",,+,,"Нужное количество вареного риса положите в миску.Откройте банку с консервированным тунцом. Нужное количество достаньте и дайте стечь лишнему маслу. Особо крупные кусочки разомните вилкой, переложите к рису.Помидоры черри помойте и разрежьте каждый на 3-4 части. Положите в миску.Твердый сыр натрите на крупной или мелкой терке, положите к уже подготовленным продуктам.Вбейте в миску свежее яйцо, по желанию добавьте соль и специи.Тщательно и аккуратно перемешайте все ингредиенты.Возьмите формы подходящих размеров. Можно сделать порционную подачу и использовать маленькие формочки, а можно взять одну большую. Разложите рис с тунцом и помидорами по формам. Поставьте их в духовку и запекайте при 180 градусах в течение 15-20 минут.Готовое блюдо можно подавать сразу, пока оно горячее и ароматное. Порции можно украсить свежей зеленью. Приятного аппетита!"
Куриные ножки с грибами и майонезом,"Indeyka,Luk,Griby,Sol',Majonez",Kurinye nozhki s gribami i majonezom,,"Голень индейки,Лук,Грибы,Соль,Майонез","14,6","14,2","0,9",190,,+,+,"Куриные голени можно взять замороженные или охлажденные. В первом случае дайте им оттаять при комнатной температуре. Помойте, обсушите и удалите все лишние элементы.Подсолите голени с тем учетом, что майонез тоже слегка соленый. Также присыпьте курицу специями на свой выбор (перец, паприка, кориандр, набор для курицы или шашлыка).Крупную луковицу очистите от шелухи, нарежьте соломкой или полукольцами, выложите поверх голеней.Добавьте майонез любой жирности прямо в миску с ножками. Можно взять магазинный или домашний майонез.Грибы помойте и нарежьте небольшими кусочками, положите в миску. Если используете мерзлые грибы, можно их просто нарезать (или они целые) и положить к курице.Все перемешайте и сложите в форму для запекания. Накрывать ее ничем не нужно. Поставьте в горячий духовой шкаф и запекайте 20-25 минут при 180 градусах.Подавайте ножки горячими, со свежей зеленью, овощами, соусом. В остывшем виде куриное мясо станет менее сочным и мягким. Приятного аппетита!



"
Перловая каша с овощами,"Perlovka,Maslo pods.,Voda,Ukrop,Petrushka,Luk,Morkov'",Perlovaya kasha s ovoshchami,,"Крупа Перловая,Масло подсолнечное,Вода,Укроп,Петрушка,Лук,Морковь","3,1","4,1","20,6",132,+,"",+,"Залить перловку водой, посолить, варить, не перемешивая, на медленном огне.Мелко нашинковать и обжарить на растительном масле морковь и лук.Соединить кашу с овощами, добавить чесно, плотно накрыть крышкой. Дать каше настояться 20-30 мин.Перед подачей украсить кашу зеленью укропа и петрушкиПриятного аппетита!"
"Салат из свеклы,моркови и чеснока ","Maslo,Morkov',Sol',Svekla,CHesnok","Salat iz svekly,morkovi i chesnoka",,"Масло,Морковь,Соль,Свекла,Чеснок","1,7","2,3","9,9",65,,+,+,"Приготовить ингредиенты: свеклу, морковь, чеснок растительное масло.Свеклу, морковь нарезать в виде щетки.Чеснок выдавить через пресс.Заправить салат растительным маслом или мйонезом. Я заправила растительным маслом.Соль по-вкусу."
Сырники с творогом и рикоттой,"Tvorog,Syr,Sahar,Yajco,Sol',Korica,Muka,Maslo pods.",Syrniki s tvorogom i rikottoj,,"Творог,Сыр,Сахар,Яйцо,Соль,Корица,Мука,Масло подсолнечное ","10,3","9,2","19,4",203,+,,+,"Творог переложите в глубокую миску и разомните вилкой. Жирность продукта может быть любой.Также переложите в миску свежую рикотту.Вбейте в миску свежее куриное яйцо.Добавьте сахар, соль и щепотку молотой корицы.Добавьте просеянную пшеничную муку. Можно использовать также овсяную, гречневую или кукурузную муку.Тщательно размешайте все ингредиенты. Должно получиться вязкая творожная масса, липнущая к рукам.На сковороде раскалите масло. Мокрыми руками сформируйте шарики и придавите их, выкладывайте на сковороду. Жарьте на слабом огне 3-4 минуты.Аккуратно переверните сырники на другую сторону и жарьте под крышкой еще пару минут.Переложите сырники на тарелку и подавайте. Приятного аппетита!"
"Салат с авокадо,курицей и помидорами черри","Avokado,Kuritsa,Tomaty,Shpinat,Sous soevyj,Syr","Salat s avokado,kuricej i pomidorami cherri",,"Авокадо,Филе грудки,Томаты,Шпинат,Соус соевый,Сыр","9,1","8,5","3,3","127,9",,+,+,"Авокадо нужно очистить и нарезать небольшими кусочками, удалив предварительно косточку. Если плод будет недозрелым, может присутствовать горечь. Перезрелый фрукт имеет не совсем стабильную структуру, схожую со сливочным маслом. В салате будет смотреться не очень аккуратно, негативно влияя на весь внешний вид в целом.Помидоры черри в зависимости от размера нужно нарезать на половинки или четвертинки.Вымытые листья шпината нарежьте или порвите руками, сложите в салатник.Курицу нарежьте полосками или разберите на волокна вилкой.Заправьте салат соевым соусом — достаточно будет 30 мл. Солить не нужно. Для характерной пикантной нотки пригодится зубчик чеснока. Перемешайте блюдо и продегустируйте.Подавайте салат с веточкой свежего базилика и тертым сыром — идеально подойдет пармезан. Не затягивайте с подачей — блюдо очень сочное и может быстро стечь."
Плов,"Maslo,Ris,Luk,Svinina,Morkov',Sol',CHesnok",Plov,,"Масло,Рис,Лук,Гуляш из свинины,Морковь,Соль,Чеснок","8,9","5,7","25,2",187,,+,,"Мясо вымыть, обсушить, разрезать на кусочки.Очистить, помыть и нарезать тонкими полукольцами репчатый лук.Морковь очистить, помыть и нарезать соломкой.Сделать зирвак (это основа плова, а именно — мясо, морковь, лук и специи). Для этого разогреть казанок. Налить растительное масло. Хорошо его прожарить. Выложить подготовленный лук. Жарить до золотистого цвета около 5–7 минут, помешивая.Выложить подготовленное мясо. Все готовить до состояния, когда мясо покроется зажаренной корочкой, около 10 минут.Затем добавить морковь. Обжарить все вместе, помешивая, 3–5 минут.Вскипятить чайник. Обжаренные овощи и мясо залить кипятком (вода должна покрывать мясо с овощами где-то сантиметра на два). Посолить, поперчить, добавить специи для плова. Варить на среднем огне 20 минут.Положить рис, осторожно разровнять его по поверхности (но не перемешивать!). В серединку поместить головку чеснока. Долить воды так, чтобы она покрывала рис выше на 2 см. Варить плов на максимальном огне без крышки почти до полного испарения жидкости, около 10–15 минут.Как только вода испарилась, сделать минимальный огонь. В плове сделать несколько отверстий ручкой ложки. Накрыть крышкой и оставить плов со свининой упариваться на 15 минут."
Борщ с курицей без свеклы с томатной пастой,"Kuritsa,Luk,Morkov',TomPasta,Maslo pods.,Sol',Specii,Kapusta,Kartofel,Smetana,Salat,",Borshch s kuricej bez svekly s tomatnoj pastoj,,"Курица,Лук репчатый,Морковь,Том Паста,Масло подсолнечное,Соль,Специи,Капуста,Картофель,Сметана, зелень,","5,7","5,8","8,2","107,5",,+,,"Кусочки курицы помойте и обрежьте все лишние элементы. Положите их в кастрюлю и добавьте специи. Залейте водой и варите на слабом огне минут 30 после закипания воды.Пока варится бульон, можно сделать зажарку. Морковь и лук почистите, нарежьте (или натрите).На растительном масле обжаривайте минут 5 лук и морковь, после влейте 100 мл воды, положите томатную пасту, перемешайте и тушите еще минут 10.Картофель почистите, помойте и нарежьте небольшими кусочками. Спустя полчаса варки бульона положите в кастрюлю.Белокочанную капусту помойте и тонко нашинкуйте. Также положите в кастрюлю. Добавьте заправку с овощами, посолите борщ, добавьте при необходимости специи и варите еще минут 20 – до мягкости картофеля и капусты.Подавайте блюдо горячим, обязательно со сметаной и свежей рубленой зеленью. Приятного аппетита!

"
Сельдь под шубой с тунцом,"Kartofel,Tunec,Seld,Morkov',Svekla,Yajco,Luk,Majonez",Sel'd' pod shuboj s tuncom,,"Картофель,Тунец,Сельдь,Морковь,Свекла,Яйцо Куриное,Лук репчатый,Майонез","5,7","5,4","7,8","102,6",,+,,"Картофель, свеклу и морковь сварите в кожуре, остудите и почистите. Картофель натрите на крупной терке и сформируйте первый слой, утрамбуйте.Смажьте картофель майонезом.Малосольную рыбу почистите, удалите по возможности косточки, нарежьте небольшими кусочками и положите сверху на картофель.Далее достаньте из баночки консервированную рыбу, разомните на мелкие кусочки и сформируйте следующий слой.Небольшую луковицу очистите и мелко нарежьте, ошпарьте кипятком. Выложите сверху на рыбу.Сваренные вкрутую яйца почистите и натрите на крупной терке, выложите сверху на рыбу с луком. Разровняйте и смажьте майонезом.Вареную морковь натрите на терке и выложите поверх яиц. Разровняйте и сделайте майонезный слой.Завершающий слой – тертая свекла. Если она слишком сочная, лучше отжать лишний сок. Выложите поверх моркови и смажьте майонезом.Дайте настояться примерно пару часов в холодильнике. Перед подачей украсьте свежей зеленью.

"
"Перец,фаршированный говяжьим фаршем","Perec zelenyj,Govyadina,Yajco,Luk,TomPasta,Smetana,Lavrovyj list,Sol',Ris","Perec,farshirovannyj govyazh'im farshem",,"Перец Зеленый,Говядина,Яйцо Куриное,Лук репчатый,Том Паста,Сметана,Лавровый Лист,Соль,Рис","4,2","3,8","5,6",75,,+,,"В глубокую миску насыпьте отварной длинный рис — он более рассыпчатый, чем круглый.Добавьте к рису охлажденный или размороженный говяжий фарш.В миску вбейте куриное яйцо средних размеров.Добавьте соль по вкусу, а также немного специй и ароматные травы — тимьян, базилик.Очищенную от шелухи луковицу мелко нарубите и также отправьте в миску.Тщательно все перемешайте, накройте миску пищевой пленкой и дайте постоять минут 20 в холодном месте.Удалите семена и перепонки внутри перца. Наполните его начинкой из фарша, утрамбуйте. Сделайте по 3-4 прокола в кожуре перца зубочисткой.Отправьте заготовки в кастрюлю. Сделайте соус из томат-пасты, сметаны и воды (примерно 600 мл). Бросьте в кастрюлю лавровый лист. Томите перцы на тихом огне не менее получаса, а лучше минут 45.Подавайте блюдо в горячем виде, можно с гарниром и зеленью."
Плов с сухофруктами без мяса,"Ris,Kuraga,CHernosliv,Klyukva,Izyum,Morkov',Luk,CHesnok,Kesh'yu,Specii",Plov s suhofruktami bez myasa,,"Рис,Курага, Чернослив, Клюква, Изюм,Морковь,Лук репчатый,Чеснок,Кешью,Специи",net,net,net,net,,+,+,"Промываем рис и засыпаем в него специи. Перемешиваем и замачиваем на 15-20 минут. Морковь чистим моем и нарезаем средними брусочками (не тонко). Лук чистим, моем, затем режем его полукольцами.Сухофрукты заливаем горячей водой и оставляем 5-10 минут набухать.В казане (можно в кастрюле с толстым дном) разогреваем масло, обжариваем морковку, а потом лук. Обжариваем в казане овощи до золотистого состояния.Сливаем воду с сухофруктов. В плов кладем сверху сухофрукты и орехи, не размешивая. Сверху выкладываем замоченный заранее рис и заливаем его водой примерно на 1 см выше уровня риса. Воду надо наливайте медленно и аккуратно.Чеснок немного очищаем от шелухи, пусть будет в шкурке на стебле. Закрываем блюдо крышкой и держим на плите 25 — 30 минут. Затем казан можно укутать в плотное полотенце, чтобы наш плов настоялся и дошел до готовности.Приятного аппетита!"
Борщ диетический,"Svekla,Morkov',Kapusta,Kartofel,Luk,Tomaty,CHesnok,Voda,Kuritsa",Borshch dieticheskij,,"Свекла,Морковь,Капуста,Картофель,Лук репчатый,Томаты,Чеснок,Вода,курица,","6,8","0,3","4,2",50,,+,,"Разделать курицу, поставить варить бульон.Почистить овощи.Свеклу, морковь, капусту нарезать соломкой, картофель, лук - кубиками.Как только бульон закипит, добавить свеклу.Последовательно заложить в суп капусту, морковь, картофель, лук.Мелко нарезать помидоры(можно заменить их томатной пастой), добавить в суп.Посолить, добавить специи, чеснок.Выключить плиту, оставить борщ настаиваться не менее 15 минут.Подавать с зеленью и сметаной."
Сок,Juice,"",drinks,"",,,,,"","","",none
Какао,Cocoa,,drinks,,,,,,,,,none
Чай,Tea,,drinks,,,,,,,,,none
Кофе,Coffee,,drinks,,,,,,,,,none
Молоко,Milk,,drinks,,,,,,,,,none